{
    "0000001.jpg": {
        "translation": [
            20.220469843629267,
            3.919001697284166,
            38.93249769810383
        ]
    },
    "0000002.jpg": {
        "translation": [
            19.61690231793065,
            3.798482426823887,
            37.756992849675356
        ]
    },
    "0000003.jpg": {
        "translation": [
            18.449083442618566,
            3.5650695383936766,
            35.47815346576422
        ]
    },
    "0000004.jpg": {
        "translation": [
            16.662687572642454,
            3.174598991029396,
            32.10786391675999
        ]
    },
    "0000005.jpg": {
        "translation": [
            14.885399296173247,
            2.8060860560391276,
            28.65495029977002
        ]
    },
    "0000006.jpg": {
        "translation": [
            13.123031951157799,
            2.4486016138677353,
            25.19137402517635
        ]
    },
    "0000007.jpg": {
        "translation": [
            11.356030042236274,
            2.122588478532743,
            21.805890543866784
        ]
    },
    "0000008.jpg": {
        "translation": [
            9.582926701045873,
            1.8205036039199203,
            18.43616107234806
        ]
    },
    "0000009.jpg": {
        "translation": [
            7.2080118030467455,
            1.3128240540510996,
            13.836485395431861
        ]
    },
    "0000010.jpg": {
        "translation": [
            5.438791706666519,
            1.0434747096682913,
            10.428075789355113
        ]
    },
    "0000011.jpg": {
        "translation": [
            3.6799337528386196,
            0.7066294448159839,
            7.06118961593545
        ]
    },
    "0000012.jpg": {
        "translation": [
            1.8621253694966655,
            0.3023564861394236,
            3.592007087182163
        ]
    },
    "0000013.jpg": {
        "translation": [
            0.06906786882081173,
            0.0635219984041725,
            0.18923961990179627
        ]
    },
    "0000014.jpg": {
        "translation": [
            -1.669388227561011,
            -0.31673106243173266,
            -3.2306468052808066
        ]
    },
    "0000015.jpg": {
        "translation": [
            -3.463024845098192,
            -0.6485976636073627,
            -6.61723934274108
        ]
    },
    "0000016.jpg": {
        "translation": [
            -5.222864489089574,
            -0.9627443368752049,
            -10.017433345990456
        ]
    },
    "0000017.jpg": {
        "translation": [
            -7.571001370981188,
            -1.4428960375880768,
            -14.587864203414394
        ]
    },
    "0000018.jpg": {
        "translation": [
            -9.321204860985752,
            -1.7848854904023121,
            -17.951385974181076
        ]
    },
    "0000019.jpg": {
        "translation": [
            -11.039043068525618,
            -2.137679153642236,
            -21.388351474554867
        ]
    },
    "0000020.jpg": {
        "translation": [
            -12.78788816871857,
            -2.5104027684994157,
            -24.725923043563167
        ]
    },
    "0000021.jpg": {
        "translation": [
            -14.481091426652558,
            -2.8218440088126884,
            -28.12270567565127
        ]
    },
    "0000022.jpg": {
        "translation": [
            -16.23636421989781,
            -3.1404275950555833,
            -31.350260621405663
        ]
    },
    "0000023.jpg": {
        "translation": [
            -17.997823712368664,
            -3.5652452475822125,
            -34.657758555114334
        ]
    },
    "0000024.jpg": {
        "translation": [
            -19.73204281624014,
            -3.9129513024473526,
            -38.05779694161037
        ]
    },
    "0000025.jpg": {
        "translation": [
            -22.058202070377057,
            -4.254086455585514,
            -42.5967858358874
        ]
    }
}